Short,Long
a.c.,anno corrente
ad es.,ad esempio
all.,allegati
Amn.,Amministrazione
Arch.,Architetto
Avv.,Avvocato (m./f. sing.)
Bcc.,copia carbone di cortesia
CA,cortese attenzione
c.a.,cortese attenzione
C.A.P.,Codice di avviamento postale
CAP,Codice di avviamento postale
Cc.,copia carbone
c/c banc.,conto corrente bancario
c/c post.,conto corrente postale
c.c.p.,conto corrente postale
Chia.mo,Chiarissimo (per docenti universitari)
c.m.,corrente mese
c/o,"care of, ""presso"""
Co.,Compagnia
c.p.,cartolina postale
C.P.,Casella postale
C.p.r,con preghiera di restituzione
C.so,Corso
corr.,corrente (mese)
c.s.,come sopra
c.v.,Curriculum Vitae
Dott.,Dottore (in medicina)
Dott.ssa,Dottoressa (in tutti i campi)
Dr.,Dottore (in tutto gli altri campi)
ecc.,eccetera
Egr.,"Egregio (per dire ""distinto, esimio"")"
Egr.i,Egregi
Egr.ia,Egregia
e.p.c.,e per conoscenza
fatt.,fattura
F.lli,Fratelli
Gent.mo,Gentilissimo
Gent.mi,Gentilissimi
Gent.ma,Gentilissima
Gent.me,Gentilissime
Geom.,Geometra
g.,giorno
gg.,giorni
Id.,idem
Ill.mo,Illustrissimo (titolo onorifico)
Ing.,Ingegnere
int.,interno
lett.,lettera
Mo.,Maestro di musica
Mons.,Monsignore
N.B.,Nota Bene
N/,Nostro
ns,Nostro
n°,numero
n.,numero
ogg.,oggetto
on.,Onorevole (titolo riservato ai deputati)
p.,per
pag.,pagina
p.,pagina
pp.,pagine
p.c.,per condoglianze
p.c.,per conoscenza
p.c.c.,per copia conforme
p.es.,per esempio
p.f.,per favore
p.r.,per ringraziamento
P.S.,poscritto
p.v.,prossimo venturo
P.za,Piazza
P.T.,Poste e Telegrafi
Preg.mo,Pregiatissimo (molto stimato)
Prof.ssa,Professoressa
Prof.,Professore
R.,raccomandata
racc.,raccomandata
Rag.,Ragioniere
Rev.,Sacerdote
ric.,ricevuta
Rif.,numero di riferimento
RP.,Riservata personale
RSVP.,Si prega rispondere
S.A.,Società Anonima
S. acc.,Società in Accomandita
S.B.F.,Salvo buon fine
S E & O,Salvo errori e omissioni
seg.,seguente
sgg.,seguente
ss.,seguente
Sig.,Signore
Sigg.,Signori
Sig.na,Signorina
Sig.ra,Signora
Sig.ra/sig.na,Signora/signorina
s.n.c.,Società in nome collettivo
Soc.,società
S.p.A.,Società per Azioni
Spett.,Spettabile (ditta)
S.P.M.,sue proprie mani
S.r.l.,Società in responsabilità limitata
Stim.mo,Stimatissimo
tel.,telefono
u.s.,ultimo scorso
V.,Via
V/,Vostro
vs,Vostro
Vip,persona molto importante
V.le,viale
V.P.,vaglia postale
v.r.,vedi retro
v.s.,vedi sopra
A.A.S.,Acta Apostolicae Sedis
ABGB,Allgemeines Bu¨ rgerliches Gesetzbuch
abr.,abrogato
acc.,accordo
al.,alinea
all.,allegato
art.,articolo
A.S.S.,Acta Sanctae Sedis
Atti parl. Cam.,Atti parlamentari della Camera dei deputati
Atti parl. Sen.,Atti parlamentari del Senato
Aue,Atto unico europeo 
BGB,Bu¨ rgerliches Gesetzbuch
B.U.Abr.,Bollettino Ufficiale della regione Abruzzo
B.U.Basil.,Bollettino Ufficiale della regione Basilicata
B.U.Cal.,Bollettino Ufficiale della regione Calabria
B.U.Camp.,Bollettino Ufficiale della regione Campania
B.U.Em.Rom.,Bollettino Ufficiale della regione Emilia-Romagna
B.U.Fr.V.G.,Bollettino Ufficiale della regione autonoma del Friuli-Venezia Giulia
B.U.Lazio,Bollettino Ufficiale della regione Lazio
B.U.Lig.,Bollettino Ufficiale della regione Liguria
B.U.Lomb.,Bollettino Ufficiale della regione Lombardia
B.U.Marche,Bollettino Ufficiale della regione Marche
B.U.Mol.,Bollettino Ufficiale della regione Molise
B.U.Piem.,Bollettino Ufficiale della regione Piemonte
B.U.Puglia,Bollettino Ufficiale della regione Puglia
B.U.Sar.,Bollettino Ufficiale della regione autonoma della Sardegna
B.U.T.A.A.,Bollettino Ufficiale della regione autonoma del Trentino-Alto Adige
B.U.Tosc.,Bollettino Ufficiale della regione Toscana
B.U.Umbria,Bollettino Ufficiale della regione Umbria
B.U.V.d’A.,Bollettino Ufficiale della regione autonoma della Valle d’Aosta
B.U.Ven.,Bollettino Ufficiale della regione Veneto
Bull. off.,Bulletin officiel de la Re´publique franc¸aise
C.,Codex Iustiniani
can.,canone e canoni
cap.,capitula e capitularia
c.c.,codice civile
c.c.e.o.,codex canonum ecclesiarum orientalium
c.c. fr.,code civil 
c. comm.,codice di commercio
c. comm. fr.,code de commerce
C.d.M.,Consiglio dei ministri
Cedu,Convenzione europea dei diritti dell’uomo
c.i.c.,codex iuris canonici
circ.,circolare
c. nav.,codice della navigazione
co.,comma e commi
conc.,concordato
conv.,convertito
convenz.,convenzione
cost.,Costituzione della Repubblica italiana
c.p.,codice penale
c.p.c.,codice di procedura civile
c.p.c. fr.,code de proce´dure civile
c.p. fr.,code pe´nal
c.p.mil.g.,codice penale militare di guerra
c.p.mil.p.,codice penale militare di pace
c.p.p.,codice di procedura penale
c.p.p. fr.,code de proce´dure pe´nale
cpv.,capoverso
D.,Digesta imperatoris Iustiniani Augusti
d.C.G.,decreto del Capo del Governo
d.C.p.S.,decreto del Capo provvisorio dello Stato
dec.,decisione
dec. Ceca,decisione della Comunita` europea del carbone e dell’acciaio
dec. Cee,decisione della Comunita` economica europea
dec. Ce,decisione della Comunita` europea
del.,delibera
d. interm.,decreto interministeriale
dir.,direttiva
dir. Ceca,direttiva della Comunita` europea del carbone e dell’acciaio
dir. Cee,direttiva della Comunita` economica europea
dir. Ce,direttiva della Comunita` europea
disp. att.,disposizioni di attuazione e transitorie
disp. att. coord.,disposizioni di attuazione
disp. coord.,disposizioni di coordinamento e transitorie
disp. prel.,disposizioni sulla legge in generale 
disp. trans.,disposizioni transitorie e finali della Costituzione italiana
d.l.,decreto legge
d.lg.,decreto legislativo
d.lg. C.p.S.,decreto legislativo del Capo provvisorio dello Stato
d.lg. lt.,decreto legislativo luogotenenziale
d.lg. P.C.,decreto legislativo emanato dal Presidente del Consiglio dei ministri
d.lg. P.R.,decreto legislativo del Presidente della Repubblica
d.l. lt.,decreto legge luogotenenziale
d.lt.,decreto luogotenenziale
d.m.,decreto ministeriale
doc.,documento
d.P.C.,decreto del Presidente del Consiglio dei ministri
d.P.R.,decreto del Presidente della Repubblica
d. ric. amm.,semplificazione dei procedimenti in materia di ricorsi amministrativi
G.U.,Gazzetta Ufficiale della Repubblica Italiana
G.U.C.E.,Gazzetta Ufficiale delle Comunita` Europee
G.U.Sic.,Gazzetta Ufficiale della regione siciliana
l.,legge
l.,lex
l. ass. banc.,disposizioni sull’assegno bancario
l. ass. benef.,norme sulle istituzioni pubbliche di assistenza e beneficenza 
l. bancaria,conversione in legge
l. camb.,modificazioni alle norme sulla cambiale e sul vaglia cambiario 
l. cittad.,legge sulla cittadinanza italiana 
l. cont. St.,norme sull’amministrazione del patrimonio e sulla contabilita` generale
l. cost.,legge costituzionale
l. dog.,legge doganale 
l. espr. p.u.,disciplina delle espropriazioni forzate per causa di pubblica utilita`
l. fall.,disciplina del fallimento
l. forest.,riordinamento e riforma della legislazione in materia di boschi e terreni montani
lin.,linea e linee
l. lav. p.a.,norme generali sull’ordinamento del lavoro alle dipendenze delle
l. miner.,norme di carattere legislativo per disciplinare la ricerca e la coltivazione
l. proc.,nuove norme in materia di procedimento amministrativo e di diritto
l. prov. B.,legge della provincia di Bolzano
l. prov. T.,legge della provincia di Trento
l. rg.,legge regionale [per le abbreviazioni dei nomi delle regioni v. quelle
l. tar,istituzione dei tribunali amministrativi regionali 
m.,massima
mod.,modificato
OR,Obligationenrecht
ord. giud.,ordinamento giudiziario 
ord. giur. amm.,ordinamento della giurisdizione amministrativa e del personale di segreteria ed ausiliario del Consiglio di Stato e dei tribunali amministrativi
prot.,protocollo
r.d.,regio decreto
r.d.l.,regio decreto legge
r.d. lg.,regio decreto legislativo
reg.,regolamento
reg. ass. benef.,regolamento per l’esecuzione della legge sulle istituzioni di assistenza
reg. brev.,testo delle disposizioni regolamentari in materia di brevetti
reg. Ceca,regolamento della Comunita` europea del carbone e dell’acciaio
reg. Cee,regolamento della Comunita` economica europea
reg. Ce,regolamento della Comunita` europea
reg. c. nav.,regolamento per l’esecuzione del codice della navigazione 
reg. com. prov.,regolamento per l’esecuzione del t.u. della legge comunale e provinciale
reg. cont.,regolamento per l’esecuzione della legge sull’amministrazione del
reg. esec.,regolamento d’esecuzione
reg. nav. aerea,regolamento per la navigazione aerea 
reg. proc. C. conti,regolamento di procedura per i giudizi innanzi alla Corte dei conti
reg. p.s.,regolamento per l’esecuzione del t.u. delle leggi di pubblica sicurezza
reg. rg.,regolamento regionale
rel.,relazione
st.,statuto
tab.,tabella
tit.,titolo
tr.,trattato
tr. Ce,Trattato della Comunita` europea versione consolidata 
tr. Ceca,Trattato istitutivo della Comunita` europea del carbone e dell’acciaio
t.u.,testo unico
t.u. acque pubbl.,testo unico delle leggi sulle acque e sugli impianti elettrici 
t.u. avv. St.,testo unico delle leggi sulla rappresentanza e difesa in giudizio dello
t.u. b. cult.,testo unico delle disposizioni legislative in materia di beni culturali
t.u. C. conti,testo unico delle leggi sull’ordinamento della Corte dei conti 
t.u. com. prov. 1915,testo unico della legge comunale e provinciale 
t.u. com. prov. 1934,testo unico della legge comunale e provinciale 
t.u. Cons. St.,testo unico delle leggi sul Consiglio di Stato 
t.u. doc. amm.,testo unico delle disposizioni legislative e regolamentari in materia
t.u. edil.,testo unico delle disposizioni legislative e regolamentari in materia
t.u. espr. p.u.,testo unico delle disposizioni legislative e regolamentari in materia
t.u. fin. loc.,testo unico per la finanza locale 
t.u. immigr.,testo unico delle disposizioni concernenti la disciplina dell’immigrazione
t.u. imp. civ. St.,testo unico delle disposizioni concernenti lo statuto degli impiegati
t.u. imp. dr. 1986,testo unico delle imposte sui redditi 
t.u. inf. lav.,testo unico delle disposizioni per l’assicurazione obbligatoria contro
t.u. pensioni,testo unico delle leggi sulle pensioni civili e militari 
t.u. p.s.,testo unico delle leggi di pubblica sicurezza 
vig.,vigente
abr.,abrogato
arg.,argomento o argomentando
c.,colonna
cap.,capitolo e capitoli
c.d.,cosiddetta/o
cfr.,confronta
cit.,citato
conf.,conforme
diff.,difforme
ed.,edizione
ined.,inedito
lb.,libro
loc.,loco
lett.,lettera
n.,numero
nt.,nota
op.,opera
pt.,parte
pt. g.,parte generale
pt. s.,parte speciale
rist.,ristampa
rubr.,rubrica
s. ss.,seguente – seguenti
s.d.,senza data di stampa
s.l.,senza luogo di stampa
sess.,sessione
sez.,sezione
sr.,serie
suppl.,supplemento
t.,tomo
ult.,ultimo
v.,vedi
vig.,vigente
§,paragrafo e paragrafi
App.,corte di appello
App. mil.,corte militare di appello
Ass.,corte di assise
Ass. app.,corte di assise di appello
Cass.,Corte di cassazione
Cass.= Corte di cassazione,Corte di cassazione
C. conti,Corte dei conti
C. conti= Corte dei conti,Corte dei conti
C. conti= Corte dei conti,Corte dei conti
C. conti= Corte dei conti,Corte dei conti
C. conti= Corte dei conti,Corte dei conti
C. conti= Corte dei conti,Corte dei conti
C. cost.,Corte costituzionale
C. eur. d.u.,Corte europea dei diritti dell’uomo
C. giust. Ceca,Corte di giustizia della Comunita` europea del carbone e dell’acciaio
C. giust. Ce,Corte di giustizia delle Comunita` europee
C.I.J.,Cour internationale de justice
Comm. brevetti,commissione dei ricorsi in materia di brevetti
Comm. centr. imp.,commissione centrale delle imposte
Comm. ed. pop.,commissione di vigilanza per l’edilizia popolare ed economica
Comm. tribut. 1o,commissione tributaria di 1o grado
Comm. tribut. 2o,commissione tributaria di 2o grado
Comm. tribut. centr.,Commissione tributaria centrale
Cons. reg. sic.,Consiglio di giustizia amministrativa per la regione siciliana
Cons. St.,Consiglio di Stato
Cons. St.= Consiglio di Stato,Consiglio di Stato
Cons. St.= Consiglio di Stato,Consiglio di Stato
C.P.J.I.,Cour permanente de justice internationale
C. reg. sic.,Alta Corte per la regione siciliana
G.p.a.,giunta provinciale amministrativa
Pret.,pretura
Tar,tribunale amministrativo regionale
Trib.,tribunale
Trib. acque,tribunale regionale delle acque pubbliche
Trib. Ce,tribunale di I grado delle Comunita` europee
Trib. mil.,tribunale militare territoriale
Trib. sup. acque,Tribunale superiore delle acque pubbliche
Trib. supr. mil.,Tribunale supremo militare
D. disc. pen.,Digesto delle Discipline Penalistiche
D. disc. priv.= Digesto delle Discipline Privatistiche,Digesto delle Discipline Privatistiche
D. disc. priv.= Digesto delle Discipline Privatistiche,Digesto delle Discipline Privatistiche
D. disc. pubbl.,Digesto delle Discipline Pubblicistiche
D.I.,Digesto italiano
Enc. Br.,Encyclopaedia Britannica
Enc. Dalloz civ.,Encyclope´die juridique
Enc. Dalloz comm.,Encyclope´die juridique
Enc. Dalloz crim.,Encyclope´die juridique
Enc. Dalloz intern.,Encyclope´die juridique
Enc. Dalloz proc. civ.,Encyclope´die juridique
Enc. Dalloz publ.,Encyclope´die juridique
Enc. Dalloz soc. trav.,Encyclope´die juridique
Enc. dir.,Enciclopedia del diritto
Enc. giur.,Enciclopedia giuridica
Enc. giur. it.,Enciclopedia giuridica italiana
Enc. it.,Enciclopedia italiana di scienze
N.D.I.,Nuovo digesto italiano
N. re´p. Dalloz,Nouveau re´pertoire de droit
Nss. D.I.,Novissimo digesto italiano
Re´p. Dalloz,Re´pertoire pratique de le´gislation
Tr. dir. amm. eur.,Trattato di diritto amministrativo europeo
Trattato Orlando,Primo trattato completo di diritto amministrativo italiano
Acque bon. costr.,Acque Bonifiche Costruzioni
Adl,ADL – Argomenti di diritto del lavoro
Adm. Law Rev.,Administrative Law Review
Adm. publ.,Administration publique
Adm. Soc.,Administration & Society
Aff. esteri,Affari esteri
Aff. soc. internaz.,Affari sociali internazionali
Agg. soc.,Aggiornamenti sociali
Agr. it.,Agricoltura italiana 
Ambiente,Ambiente 
Am. journ. compar. Law,American Journal of Comparative Law 
Amm. civ.,Amministrazione civile 
Amm. giud.,Amministrazione giudiziaria 
Ammin.,Amministrare
Ann. Bari,Annali dell’universita` di Bari
Ann. Camerino,Annali della facolta` di giurisprudenza dell’universita` di Camerino
Ann. Catania,Annali del seminario giuridico dell’universita` di Catania
Ann. dir. intern.,Annali di diritto internazionale 
Ann. Ferrara,Annali dell’universita` di Ferrara
Ann. Genova,Annali della facolta` di giurisprudenza dell’universita` di Genova
Ann. Macerata,Annali della facolta` di giurisprudenza dell’universita` di Macerata
Ann. Messina,Annali della facolta` di economia e commercio dell’universita` di
Ann. Palermo,Annali della facolta` di economia e commercio dell’universita` di
Ann. Perugia,Annali della facolta` di giurisprudenza dell’universita` di Perugia
Ann. p.i.,Annali della pubblica istruzione
Ann. Rev. Pol. Sc.,Annual Review of Political Science
Ann. sem. Palermo,Annali del seminario giuridico dell’universita` di Palermo
Ann. stor. dir.,Annali di storia del diritto
Ann. triestini,Annali triestini di diritto
Ann. dir. comp.,Annuario di diritto comparato e studi legislativi
Anr. inst. dr. intern.,Annuaire de l’Institut de droit international
App. urb. edil.,Appalti
Arch. civ.,v. Arch. resp. civ.
Arch. dir. eccl.,Archivio di diritto ecclesiastico
Arch. dir. pubbl.,Archivio di diritto pubblico
Arch. fin.,Archivio finanziario
Arch. giur.,Archivio giuridico « Filippo Serafini »
Arch. giur. circ.,Archivio giuridico della circolazione e dei sinistri stradali
Arch. giur. op. pubbl.,Archivio giuridico delle opere pubbliche
Arch. loc.,Archivio delle locazioni e del condominio
Arch. nuova proc. pen.,Archivio della nuova procedura penale
Arch. pen.,Archivio penale
Arch. ph. dr.,Archives de philosophie du droit
Arch. resp. civ.,Archivio della responsabilita` civile e dei problemi generali del danno
Arch. ric. giur.,Archivio di ricerche giuridiche
Arch. st. corp.,Archivio di studi corporativi
Arch. stor. it.,Archivio storico italiano
Arch. ven.,Archivio veneto
Asi,Agenzia sanitaria italiana
Assic.,Assicurazioni
Assist. soc.,Assistenza sociale 
Azienda pubbl.,Azienda pubblica
Azienditalia,Azienditalia
Banca borsa,Banca e borsa 
Banca borsa tit. cred.,v. Banca borsa
Banca cred.,Banca e credito agrario
Banca impr. soc.,Banca impresa societa`
Boll. ass. cass. risp.,Bollettino della associazione casse di risparmio
Boll. ass. it. dir. maritt.,Bollettino di informazioni dell’associazione italiana di diritto marittimo
Boll. cost. parl.,Bollettino di informazioni costituzionali e parlamentari
Boll. for.,Bollettino forense
Boll. legisl. tecn.,Bollettino di legislazione tecnica
Boll. tribut.,Bollettino tributario d’informazioni
Br. intern. Law,British Year Book of International Law 
Bull. soc. leg. comp.,Bulletin de la socie´te´ de le´gislation compare´
Cahiers dr. europ.,Cahiers de droit europe´en
Cal. giud.,Calabria giudiziaria 
Can. Bar Rev.,Canadian Bar Review
Carte stor.,Le Carte e la Storia
Cass. pen.,Cassazione penale
Cass. pen. mass.,Cassazione penale – Massimario annotato 
C.I.J. Recueil,Recueil de la Cour Internationale de Justice
Circ. trasp.,Circolazione e trasporti
Civ. catt.,Civilta` cattolica 
Comm. Market Rep.,Common Market Law Reports
Comm. Market Rev.,Common Market Law Review
Comp. stat. it.,Compendio statistico italiano
Comuni d’It.,Comuni d’Italia
Comun. intern.,Comunita` internazionale 
Contr.,Contratti 
Contr. impr.,Contratto e impresa
Contr. impr. eur.,Contratto e impresa. Europa
Controllo legale conti,Controllo legale dei conti 
Corr. trib.,Corriere tributario
Corr. giur.,Corriere giuridico 
Crit. dir.,Critica del diritto
Crit. econ.,Critica economica
Crit. pen.,Critica penale e medicina legale 
Crit. pol.,Critica politica
Crit. soc.,Critica sociale
Crit. sociol.,Critica sociologica 
Danno resp.,Danno e responsabilita`
D&G,Diritto & Giustizia
Dem. dir.,Democrazia e diritto
Dif. contr.,Difesa del contribuente 
Dir. amm.,Diritto amministrativo
Dir. aut.,Diritto di autore 
Dir. autom.,Diritto automobilistico
Dir. banca mercato fin.,Diritto della banca e del mercato finanziario
Dir. b. pubbl.,Diritto dei beni pubblici
Dir. comm.,Diritto commerciale 
Dir. commercio intern.,Diritto del commercio internazionale
Dir. comunit. scambi intern.,Diritto comunitario e degli scambi internazionali
Dir. eccl.,Diritto ecclesiastico 
Dir. ed econ.,Diritto ed economia
Dir. econ. assic.,Diritto ed economia dell’assicurazione
Dir. fall.,Diritto fallimentare e delle societa` commerciali 
Dir. gest. ambiente,Diritto e gestione dell’ambiente
Dir. giur.,Diritto e giurisprudenza
Dir. giur. agr. amb.,Diritto e giurisprudenza agraria e dell’ambiente
Dir. immigraz. cittadinanza,Diritto immigrazione e cittadinanza
Dir. ind.,Diritto industriale 
Dir. intern.,Diritto internazionale
Dir. intern. bell.,Diritto internazionale bellico
Dir. lav.,Diritto del lavoro 
Dir. merc. lav.,Diritto del mercato del lavoro 
Dir. militare,Diritto militare
Dir. pen. processo,Diritto penale e processo
Dir. prat. assic.,Diritto e pratica nell’assicurazione
Dir. prat. comm.,Diritto e pratica commerciale
Dir. prat. lav.,Diritto e pratica del lavoro
Diritto prat. soc.,Diritto e pratica delle societa`
Dir. prat. tribut.,Diritto e pratica tributaria
Dir. priv.,Diritto privato
Dir. proc. amm.,Diritto processuale amministrativo
Dir. pubbl.,Diritto pubblico
Dir. pubbl. comp. eur.,Diritto pubblico comparato europeo
Dir. pubbl. reg.,Diritto pubblico della regione 
Dir. relaz. ind.,Diritto delle relazioni industriali
Dir. san.,Diritto sanitario moderno 
Dir. soc.,Diritto e societa`
Dir. trasp.,Diritto dei trasporti
Dir. Ue,Diritto dell’Unione europea 
Disciplina comm.,Disciplina del commercio
D.L. Riv. critica dir. lav.,D.L. – Rivista critica di diritto del lavoro
Doc. it.,Documentazione italiana 
Dr. adm.,Droit administratif
Dr. inform. tel.,Droit de l’informatique et des te´le´coms
Droits,Droits
D.Verw.,Deutsches Verwaltungsblatt
Econ. ambiente,Economia e ambiente
Econ. cultura,Economia della cultura
Econ. intern.,Economia internazionale
Econ. dir. terz.,Economia e diritto del terziario
Econ. intern. en.,Economia internazionale delle fonti di energia
Econ. it.,Economia italiana
Econ. pubbl.,Economia pubblica
Ed. cred.,Edilizia e credito
Ed. terr.,Edilizia e territorio
Enc. com.,Enciclopedia per i comuni
Energia,Energia
Enti. pubbl.,Enti pubblici
Es. imp. dir. fisc.,Esattore delle imposte e il diritto fiscale 
EDCE,E´ tudes et documents du Conseil d’Etat
ER,Europarecht
Europa dir. priv.,Europa e diritto privato
Eur. Competition Law Rev.,European Competition Law Review
Eur. Law J.,European Law Journal
Eur. Law Rev.,European Law Review
Eur. Leg. For.,European Legal Forum 
Fin. loc.,Finanza locale 
Fordham Intern. Law J.,Fordham International Law Journal
Foro ambr.,Foro ambrosiano 
Foro amm. Tar,Foro amministrativo: Tar 
Foro it.,Foro italiano 
Foro nap.,Foro napoletano 
Foro Sal.,Foro del Salento 
Foro tosc.,Foro toscano 
Funz. pubbl.,Funzione pubblica
Gazz. ambiente,Gazzetta dell’ambiente
Gazz. giur.,Gazzetta giuridica
Gazz. loc.,Gazzetta delle locazioni
Gazz. tribut.,Gazzetta tributaria
Giorn. dir. amm.,Giornale di diritto amministrativo
Giorn. dir. lav. rel. ind.,Giornale di diritto del lavoro e delle relazioni industriali
Giorn. stor. cost.,Giornale di storia costituzionale
Giur. agr. it.,Giurisprudenza agraria italiana
Giur. annotata dir. ind.,Giurisprudenza annotata di diritto industriale
Giur. boll. legisl. tecn.,Giurisprudenza del bollettino di legislazione tecnica 
Giur. comm.,Giurisprudenza commerciale
Giur. comp. dir. civ.,Giurisprudenza comparata di diritto civile
Giur. compl. cass. civ.,Giurisprudenza completa della Corte suprema di cassazione – Sezioni Civili
Giur. compl. cass. pen.,Giurisprudenza completa della Corte suprema di cassazione – Sezioni Penali
Giur. Corti reg.,Giurisprudenza delle Corti regionali
Giur. cost.,Giurisprudenza costituzionale
Giur. imp.,Giurisprudenza delle imposte
Giur. imp. dr.,Giurisprudenza delle imposte dirette
Giur. imp. dr. reg. neg.,Giurisprudenza delle imposte dirette di registro e di negoziazione
Giur. infort.,Giurisprudenza in materia di infortuni sul lavoro e malattie professionali
Giur. it.,Giurisprudenza italiana
Giur. lav.,Giurisprudenza del lavoro
Giur. merito,Giurisprudenza di merito
Giur. milanese,Giurisprudenza milanese
Giur. napoletana,Giurisprudenza napoletana
Giur. op. pubbl.,Giurisprudenza delle opere pubbliche 
Giur. piemontese,Giurisprudenza piemontese
Giur. romana,Giurisprudenza romana
Giur. samm.,Giurisprudenza sammarinese
Giur. sic.,Giurisprudenza siciliana
Giur. tor.,Giurisprudenza torinese
Giur. tosc.,Giurisprudenza toscana
Gius,Gius
Giust.,Giustizia 
Giust. amm.,Giustizia amministrativa
Giust. amm. sic.,Giustizia amministrativa siciliana
Giust. autom.,Giustizia automobilistica
Giust. civ.,Giustizia civile
Giust. civ. mass. app.,Giustizia civile – massimario annotato delle Corti d’appello 
Giust. civ. Mass.,Giustizia civile-massimario annotato dalla Cassazione
Giust. Cost.,Giustizia e Costituzione
Giust. fin.,Giustizia finanziaria
Giust.it,Giust.it – Giustizia amministrativa. Rivista Internet di diritto pubblico
Giust. pen.,Giustizia penale 
Gov.,Governance
GT riv. giur. trib.,GT – Rivista di giurisprudenza tributaria
Guida dir.,Guida al diritto
Guida e.l.,Guida agli enti locali
Guida lav.,Guida al lavoro
Harv. Intern. Law J.,Harvard International Law Journal
Harv. Law Rev.,Harvard Law Review
Hastings Intern. Comp. Law Rev.,Hastings International and Comparative Law Review
Hist. J.,Historical Journal 
Ig. sic. lav.,Igiene & sicurezza sul lavoro
Imp. cons. entr.,Imposte di consumo e imposta sull’entrata
Impos. dr.,Imposizione diretta 
Industria,Industria 
Ind. sind.,Industria e sindacato
Informatica dir.,Informatica e diritto
Informatica doc.,Informatica e documentazione
Informaz. previd.,Informazione previdenziale
Inf. tribut. comm.,Informatore tributario e commerciale 
Intern. Law Pol.,International Law and Politics
Intern. Law Quart.,International and Comparative Law Quarterly
Intern. Law Rev.,International Law Review
Intern. Leg. Mat.,International Legal Materials
Intern. J. Soc. Law,International Journal of the Sociology of the Law
Intern. Org.,International Organisations
Ist. federalismo,Istituzioni del federalismo 
J. dr. intern.,Journal de droit international
J. dr. intern. priv.,Journal de droit international prive´
J. eur. Verw.,Jahrbuch fu¨ r europa¨ische Verwaltungsgeschichte
J. intern. ausl. o¨ ff. R.,Jahrbuch fu¨ r internationales und ausla¨ndisches o¨ ffentliches Recht
J. o¨ ff. R.,Jahrbuch fu¨ r das o¨ ffentliche Recht
J. Comm. Market St.,Journal of Common Market Studies
J. Econ. Liter.,Journal of Economic Literature 
J. Env. Law,Journal of Environmental Law
J. Eur. Publ. Pol.,Journal of European Public Policy
J. Inst. Th. Econ.,Journal of Institutional and Theoretical Economics
J. Leg. St.,Journal of Legal Studies
J. Pubbl. Pol.,Journal of Public Policy 
Lav. dir.,Lavoro e diritto
Lav. nella giur.,Lavoro nella giurisprudenza 
Lav. prev. oggi,Lavoro e previdenza oggi
Lav. rel. ind.,Lavoro e relazioni industriali
Lav. sicur. soc.,Lavoro e sicurezza sociale
Law. Pol.,Law & Policy
Leg. it.,Legislazione italiana 
L. giust.,Legge e giustizia
Legalita` giustizia,Legalita` e giustizia
Leg. pen.,Lp – Legislazione penale 
Leg. St.,Legal Studies
Mass. Ced,Massimario del Centro elaborazione dati della Corte di cassazione
Mass. dec. pen.,Massimario delle decisioni penali
Mass. giur. it.,Massimario di giurisprudenza italiana
Mass. giur. lav.,Massimario di giurisprudenza del lavoro
Mass. Pen.,Massimario penale della Corte suprema di cassazione
Mass. tribut.,Massimario tributario
Mass. trib. supr. mil.,Massimario delle sentenze del Tribunale supremo militare
Mat. stor. cultura giur.,Materiali per una storia della cultura giuridica
MCR,Mercato Concorrenza Regole
Meridiana,Meridiana
Min. it.,Miniera italiana 
Mn. cred.,Moneta e credito
Mom. leg.,Momento legislativo 
Mon. eccl.,Monitor Ecclesiasticus
Mon. pret.,Monitore dei pretori
Mon. trib.,Monitore dei tribunali
Mondo banc.,Mondo bancario
Mondo giud.,Mondo giudiziario 
N. arch. ven.,Nuovo archivio veneto
N. dir.,Nuovo diritto 
N. dir. agr.,Nuovo diritto agrario
N. leg. pen.,Nuova legislazione penale
Nomos,Nomos
Nord sud,Nord e sud
Not. giur. lav.,N.G.L. – Notiziario di giurisprudenza del lavoro
Not. giur. reg.,Notiziario giuridico regionale
Not. fall.,Notiziario fallimentare
Not. lav. prev.,Notiziario lavoro e previdenza
N. rass. amm. com.,Nuova rassegna di legislazione e rivista amministrativa per i Comuni
N. rass. ldg.,Nuova rassegna di legislazione
N. giur. civ. commentata,Nuova giurisprudenza civile commentata 
N. riv. app.,Nuova rivista dei pubblici appalti
N. riv. dir. comm.,Nuova rivista di diritto commerciale
N. riv. tribut.,Nuova rivista tributaria
Nuove leggi civili,Nuove leggi civili commentate 
Or. econ.,Orizzonti economici
Orient. giur. lav.,Orientamenti della giurisprudenza del lavoro
Oss. leg.,Osservatore legale 
Parl. Aff.,Parliamentary Affairs
Pitts. L.R.,University of Pittsburgh Law Review
Polis,Polis
Pol.,Politico 
Pol. dir.,Politica del diritto
Pol. man. publ.,Politique et Management Public
Pol. Q.,Political Quarterly
Pol. parl.,Politica parlamentare 
Pol. Sc.,Political Science
Pol. St.,Political Studies
Poste tel.,Poste e telecomunicazioni
Pouvoirs,Pouvoirs
PQM,PQM
Prat. az.,Pratica aziendale
Prevenz. infort.,Prevenzione degli infortuni
Prev. soc.,Previdenza sociale
Prev. soc. agr.,Previdenza sociale nell’agricoltura 
PSQ,Political Science Quarterly
Prob. amm. pubbl.,Problemi di amministrazione pubblica
Prob. Inf.,Problemi dell’informazione
Publ. Adm.,Public Administration
Publ. Adm. Dev.,Public Administration and Development
Publ. Adm. Rev.,Public Administration Review
Publ. Choice,Public Choice
Publ. Law,Public Law
Publ. Pol. Adm.,Public Policy and Administration
Quad. amm.,Quaderni amministrativi
Quad. cost.,Quaderni costituzionali
Quad. dir. lav. rel. ind.,Quaderni di diritto del lavoro e delle relazioni industriali
Quad. fior. stor.,Quaderni fiorentini per la storia del pensiero giuridico moderno
Quad. min. fin.,Quaderni del Ministero delle finanze
Quad. reg.,Quaderni regionali
Quad. sc. pol.,Quaderni di scienza politica
Racc. Cons. St.,Raccolta completa della giurisprudenza del Consiglio di Stato
Racc. giur. C. giust.,Raccolta della giurisprudenza della Corte di giustizia
Ragiufarm,Ragiufarm
Ragiusan,Ragiusan
Rass. amm. sanita`,Rassegna amministrativa della sanita`
Rass. amm. scuola,Rassegna amministrativa della scuola
Rass. arch. St.,Rassegna degli archivi di Stato
Rass. avv. Napoli,Rassegna dell’Ordine degli avvocati di Napoli
Rass. Avv. St.,Rassegna mensile dell’Avvocatura dello Stato 
Rass. circ. str.,Rassegna di circolazione stradale
Rass. dir. cinem.,Rassegna di diritto cinematografico
Rass. dir. civ.,Rassegna di diritto civile
Rass. dir. dog.,Rassegna di diritto e tecnica doganale e delle imposte di fabbricazione
Rass. dir. eccl.,Rassegna di diritto ecclesiastico
Rass. dir. farm.,Rassegna di diritto farmaceutico
Rass. dir. pubbl.,Rassegna di diritto pubblico
Rass. dir. san.,Rassegna di diritto sanitario
Rass. econ.,Rassegna economica
Rass. fin. pubbl.,Rassegna di finanza pubblica
Rass. fin. tribut.,Rassegna finanziaria e tributaria
Rass. forense,Rassegna forense
Rass. giur. Enel,Rassegna giuridica dell’Enel
Rass. giur. en. elettr.,Rassegna giuridica dell’energia elettrica
Rass. giur. ist. st. leg.,Rassegna di giurisprudenza italiana dell’Istituto italiano di studi
Rass. giur. s.,Rassegna giuridica sarda
Rass. giur. u.,Rassegna giuridica umbra
Rass. giust. mil.,Rassegna della giustizia militare
Rass. imp. dr.,Rassegna mensile delle imposte dirette
Rass. lav.,Rassegna del lavoro
Rass. lav. pubbl.,Rassegna dei lavori pubblici
Rass. parl.,Rassegna parlamentare
Rass. penit. crim.,Rassegna penitenziaria criminale
Rass. penit. criminol.,Rassegna penitenziaria e criminologica
Rass. propr. i.l.a.,Rassegna della proprieta` industriale
Rass. stat. lav.,Rassegna statistica del lavoro
Rass. st. penit.,Rassegna di studi penitenziari
Rass. tribut.,Rassegna tributaria
Reg.,Regione 
Rel. intern.,Relazioni internazionali
Resp. civ. prev.,Responsabilita` civile e previdenza
Resp. comunic. impr.,Responsabilita` comunicazione impresa
Rev. adm. publica,Revista de administracion publica
Rev. der. com. eur.,Revista de derecho comunitario europeo
Rev. es. der. adm.,Revista espan˜ ola de derecho administrativo
Rev. esp. der. intern.,Revista espan˜ ola de derecho internacional
Rev. adm.,Revue administrative 
Rev. adm. publ.,Revue de l’administration publique
Rev. affaires europe´ennes,Revue des affaires europe´ennes
Rev. crit. dr. intern. priv.,Revue critique de droit international prive´
Rev. dr. intern. dr. comp.,Revue de droit international et de droit compare´
Rev. dr. intern. le´g. comp.,Revue de droit international et de le´gislation compare´e
Rev. dr. intern. sc. dipl. pol.,Revue de droit international
Rev. dr. publ.,Revue de droit public et de la science politique en France et a`
Rev. dr. Ue,Revue du droit de l’Union europe´enne
Rev. eur. dr. publ.,Revue europe´enne de droit public
Rev. fr. adm. publ.,Revue franc¸aise de l’administration publique 
Rev. fr. dr. adm.,Revue franc¸aise de droit administratif
Rev. fr. sc. pol.,Revue franc¸aise de science politique
Rev. ge´n. dr.,Revue ge´ne´rale du droit
Rev. ge´n. dr. intern.,Revue ge´ne´rale de droit international public
Rev. hist. dr. fr.,Revue historique de droit franc¸ais et e´tranger 
Rev. intern. dr. comp.,Revue internationale de droit compare´
Rev. intern. sc. adm.,Revue internationale des sciences administratives
Rev. MCUE,Revue du Marche´ commun et de l’Union europe´enne
Rev. MUE,Revue du Marche´ Unique Europe´en
Rev. pol. parl.,Revue politique et parlementaire
Rev. trim. dr. civ.,Revue trimestrielle de droit civil
Rev. trim. dr. comm.,Revue trimestrielle de droit commercial
Rev. trim. dr. europ.,Revue trimestrielle de droit europe´en
Rev. trim. dr. homme,Revue trimestrielle des droits de l’homme
RHD,Revue historique de droit franc¸ais et e´tranger
Riv. Ag. terr.,v. Riv. cat.
Riv. amm.,Rivista amministrativa della Repubblica italiana
Riv. amm. app.,Rivista amministrativa degli appalti
Riv. arbitrato,Rivista dell’arbitrato
Riv. banc.,Rivista bancaria
Riv. cass. risp.,Rivista delle casse di risparmio
Riv. cat.,Rivista del catasto e dei servizi tecnici erariali 
Riv. C. conti,Rivista della Corte dei conti
Riv. coop.,Rivista della cooperazione
Riv. crit. dir. giur.,Rivista critica di diritto e giurisprudenza
Riv. crit. dir. priv.,Rivista critica del diritto privato
Riv. crit. infort. lav.,Rivista critica in materia di infortuni sul lavoro
Riv. dem.,Rivista del demanio
Riv. dif. soc.,Rivista di difesa sociale
Riv. dip. terr.,v. Riv. cat.
Riv. dir. aer.,Rivista di diritto aeronautico
Riv. dir. agr.,Rivista di diritto agrario
Riv. dir. civ.,Rivista di diritto civile
Riv. dir. comm.,Rivista del diritto commerciale e del diritto generale delle obbligazioni
Riv. dir. cost.,Rivista di diritto costituzionale
Riv. dir. eur.,Rivista di diritto europeo
Riv. dir. fin.,Rivista di diritto finanziario e scienza delle finanze 
Riv. dir. impresa,Rivista di diritto dell’impresa
Riv. dir. ind.,Rivista di diritto industriale
Riv. dir. intern.,Rivista di diritto internazionale
Riv. dir. intern. comp. lav.,Rivista di diritto internazionale e comparato del lavoro
Riv. dir. intern. priv. proc.,Rivista di diritto internazionale privato e processuale
Riv. dir. ipot.,Rivista di diritto ipotecario
Riv. dir. lav.,Rivista di diritto del lavoro 
Riv. dir. lav. mass.,Massimario della rivista di diritto del lavoro
Riv. dir. matr.,Rivista del diritto matrimoniale e dello stato delle persone
Riv. dir. mil.,Rivista di diritto e procedura penale militare
Riv. dir. miner.,Rivista di diritto minerario
Riv. dir. nav.,Rivista del diritto della navigazione
Riv. dir. penit.,Rivista di diritto penitenziario
Riv. dir. priv.,Rivista di diritto privato
Riv. dir. proc.,Rivista di diritto processuale
Riv. dir. proc. civ.,Rivista di diritto processuale civile
Riv. dir. proc. pen.,Rivista di diritto processuale penale
Riv. dir. pubbl.,Rivista di diritto pubblico
Riv. dir. sic. soc.,Rivista del diritto e della sicurezza sociale
Riv. dir. sport.,Rivista di diritto sportivo
Riv. dir. tribut.,Rivista di diritto tributario
Riv. dott. comm.,Rivista dei dottori commercialisti
Riv. econ. Mezz.,Rivista economica del Mezzogiorno
Riv. es. forz.,Rivista dell’esecuzione forzata
Riv. fil.,Rivista di filosofia
Riv. fisc.,Rivista di legislazione fiscale
Riv. giur. ambiente,Rivista giuridica dell’ambiente
Riv. giur. circ. trasp.,Rivista giuridica della circolazione e dei trasporti
Riv. giur. edil.,Rivista giuridica dell’edilizia
Riv. giur. lav.,Rivista giuridica del lavoro e della previdenza sociale
Riv. giur. magistr.,Rivista giuridica della magistratura
Riv. giur. Mezz.,Rivista giuridica del Mezzogiorno
Riv. giur. polizia,Rivista giuridica di polizia
Uff.,ufficio
Vol.,volume
nr.,numero
est.,estensore
c.f.,codice fiscale
segg.,seguenti
sigg.ri,signori
tg.,targa
P.M.,Pubblico ministero 
c.p.a.,Cassa di Previdenza Avvocati
i.v.a.,IVA
loc.,località
cp.c.,codice di procedura civile
cod. proc. civ.,codice di procedura civile
g.d.,giudice delegato
Disp. Att,Disposizioni attuative
G.I.P.,Giudice delle Indagini Preliminari
G.U.P.,Giudice dell’Udienza Preliminare
C.C., Codice Civile
C.P.C.,Codice di Procedura Civile
C.P.,Codice Penale
C.P.P.,Codice di Procedura Penale
pubbl.,pubblica
a.r.,andata e ritorno
ab.,abitanti
ab./km², abitanti per chilometro quadrato
ab./kmq,abitanti per chilometro quadrato
abbigl.,abbigliamento
abbrev.,abbreviato abbreviazione
abl.,ablativo (ling.)
a.C.,avanti Cristo
ac.,acustica
acc.,accusativo (ling.)
accorc.,accorciativo
accr.,accrescitivo
adatt.,adattamento
a.d.r.,a domanda risponde
aeron.,aeronautica
aerodin.,aerodinamica
affl.,affluente
agg.,aggettivo  aggettivale  aggettivato
agr.,agraria  agronomia
agric.,agricoltura
alch.,alchimia
alg.,algebra
alim.,industrie alimentari
allev.,allevamenti
allus.,allusione
alt.,altezza  altitudine
anat.,anatomia
anat. comp.,anatoia comparata
ant.,antico  antichità
antifr.,antifrasi  antifrastico
anton.,antonomasia
antrop.,antropologia  anatropologico
ar.,arabo
arald.,araldica
arc.,arcaico
arch.,architettura  architetto
archeol.,archeologia
aritm.,aritmetica
arred.,arredamento
art.,articolo
arti min.,arti minori
artig.,artigianato
artigl.,artiglieria
artt.,articoli
assic.,assicurazioni
assol.,assoluto  assolutamente
astr.,astronautica
astrol.,astrologia
astron.,astronomia
att.,attivo
attrav.,attraverso
aus.,ausiliare
autom.,automobilismo
avvers.,avversativo
bal.,balistica
ball.,balletto  coreografia
batt.,batteorologia
bibl.,biblioteca  bibliologia
bioch.,biochimica
biol.,biologia
bot.,botanica
bur.,burocratico  burocraticamente
ca.,circa
cal.,caloria
cap.,capitolo  capitale
capol.,capoluogo
card.,cardinale
caus.,causale
c.a.,corrente anno
c.m.,corrente mese
c.d.,cosiddetto
c.d'a.,corpo d'armata
centr.,centrale
cfr.,confronta
chim.,chimica
chim. ind.,chimica industriale
chir.,chirurgia
ciber.,cibernetica
cin.,cinema  cinese
citol.,citologia
class.,classico
cm²,centimetro quadrato
cmq,centimetro quadrato
cod. civ.,codice civile
cod. pen.,codice penale
cod. proc. civ.,codice di procedura civile
cod. proc. pen.,codice di procedura penale
coll.,collettivo (nome)
com.,comune  comunemente
comm.,commercio  commerciale
comp.,composto  composizione
compar.,comparativo  comparazione
compl.,complemento
conc.,concessivo  concessiva
concl.,conclusivo  conclusione
condiz.,condizionale
confr.,confronta
cong.,congiunzione
congiunt.,congiuntivo
coniug.,coniugazione
consec.,consecutivo
contab.,contabilità
contr.,contrario
corr.,corretto
correl.,correlativo  correlazione
corrisp.,corrispondente
cost.,costante
costr.,costruzioni
cristall.,cristallografia
cron.,cronologia
cronol., cronologico
cuc.,cucina
c.v.d,come volevasi dimostrare
d.C.,dopo Cristo
dat.,dativo (ling.)
decoraz.,decorazione e ordini cavallereschi
denom.,denominale  denominazione
deriv.,derivato  derivazione
derm,dermatologia
determ.,determinato  determinativo
dial.,dialetto  dialettale  dialettalismo
difett.,difettivo
dimin.,diminutivo
dimostr.,dimostrativo
dipart.,dipartimento
diplom.,diplomatica
Dir.,Diritto
dir.,diritto
Dir. Amm.,Diritto Amministrativo
Dir. Can.,Diritto Canonico
Dir. Civ.,Diritto Civile
Dir. d. lav.,Diritto del lavoro
Dir. internaz.,Diritto internazionale
Dir. it.,Diritto italiano
Dir. pen.,Diritto penale
Dir. priv.,Diritto privato
Dir. proces.,Diritto processuale
Dir. pub.,Diritto pubblico
Dir. rom.,Diritto romano
disus.,disusato
Dott.,Dottore (in medicina)
Dr.,Dottore (in tutti gli altri campi)
eban.,ebanisteria
ebr.,ebraico
ecc.,eccetera
eccl.,ecclesiastico
econ.,economia
econ. az.,economia aziendale
econ. dom.,economia domestica
econ. pol.,economia politica
ed.,edizione  edito
edil.,edilizia
edit.,editoria  editoriale
egiz.,egiziano
elab.,elaborazione dati
elettr.,elettrotecnica  elettrologia
elettron.,elettronica
ellitt.,ellissi  ellittico  ellitticamente
embr.,embriologia
enclic.,enciclopedia
enigm.,enigmistica
enol.,enologia
entom.,entomolgia
epigr.,epigrafia
es.,esempio
escl.,esclamazione  esclamativo
estens.,estensione
estr. min.,estrazioni minerarie
etim.,etimologia
etn.,etnologia  etnografia
etol.,etologia
eufem.,eufemisticamente
fam.,familiare  famiglia (zool e bot.)
farm.,farmacologia
ferr.,ferrovia
fig.,figura  figurato
filat.,filatelia
filol.,filologia
filos.,filosofia
fin.,finanza  finanziario
fis.,fisica
fisiol.,fisiologia
fisiopatol.,fisiopatologia
folcl.,folclore
fon.,fonetica
fotogr.,fotografia
fr.,francese
fut.,futuro
gen.,genetica  genitivo (ling.)
geneal.,genealogia
geod.,geodesia
geofis.,geofisica
geogr.,geografia
geogr. antr.,geografia antropologica
geogr. fis.,geografia fisica
geol.,geologia
geom.,geometra
germ.,germanico
giorn.,giornalismo
gr.,greco
gram.,grammatica
ibid.,ibidem
icon.,iconografia
id.,idem
idraul.,idraulica
ig.,igiene
imp.,impianti
imper.,imperativo
imperf.,imperfetto
impers.,impersonale
ind.,indicativo  industria
ind. agr.,industria agricola
ind. alim.,industria alimentare
ind. cart.,industria cartaria
ind. chim.,industria chimica
ind. cuoio,industria del cuoio
ind. estratt.,industria estrattiva
ind. graf.,industria grafica
ind. mecc.,industria meccanica
ind. tess.,industria tessile
indecl.,indeclinabile
indef.,indefinito
indeterm.,indeterminato
inf.,infinito
inform.,informatica
ing.,ingegnere
ingl.,inglese
ins.,insegnamento
inter.,interiezione
intr.,intransitivo
invar.,invariabile
iron.,ironicamente
irreg.,irregolare
is.,isola
istol.,istologia
it.,italiano
ittiol.,ittiologia
lat.,latino  latitudine
lav. femm.,lavori femminili
lav. pubbl.,lavori pubblici
lett.,letterario  letteratura
ling.,linguistica
lit.,liturgia
loc.,locuzione
loc. div.,locuzione diverse
long.,longitudine
macch.,macchina  macchinari
mar.,marina
mat.,matematica
mater.,materiali
max,massimo
mecc.,meccanica razionale
med.,medicina
mediev.,medievale
merc.,merceologia
merid.,meridionale
metall.,metallurgia
meteor.,meteorologia
metr.,metrica
metrol.,metrologia
microb.,microbiologia
mil.,scienze militari
min.,minuto  mineralogia
miner.,mineralogia
mitol.,mitologia
mod.,moderno
morf.,morfologia
mss,manoscritto
mus.,musica
n.a.,numero atomico
neg.,negativo  negativa
neol.,neologismo
neur.,neurologia
nom.,nominativo (ling.)
numism.,numismatica
oc.,oceano
occ.,occidentale
occult.,occultismo
oculist.,oculistica
od.,odierno
ogg.,oggetto  oggettivo  oggettivamente
oland.,olandese
onomat.,onomatopea  onomatopeico
ord.,ordinale
ord. scol.,ordinamento scolastico
oref.,oreficeria e gioielleria
orient.,orientale
ornit.,ornitologia
orogr.,orografia
ott.,ottica
p.a.,peso atomico
pagg.,pagine
pp.,pagine
paleobot.,paleobotanica
paleogr.,paleografia
paleont.,paleontologia
paleozool.,paleozoologia
paletn.,paletnologia
papir.,papirologia
parapsicol.,parapsicologia
part.,participio  particolare
partic.,particolarmente  particolare
pass.,passato
patol.,patologia
pedag.,pedagogia
pegg.,peggiorativo
per.ind.,perito industriale
pers.,persona  personale
petr.,petrolchimica
petrogr.,petrografia
pitt.,pittura
pl.,plurale
poet.,poetico
pol.,politica
popol.,popolare  popolaresco
port.,portoghese
poss.,possessivo
pr.,proprio
pref.,prefisso
preist.,preistoria
prep.,preposizione
pres.,presente
pret.,preterito
priv.,privativo
prof.,profondita
pron.,pronome
pronom.,pronominale
propr.,propriamente
prov.,proverbio  provincia
prox.,prossimo  prossima
psicoan.,psicoanalisi
psicol.,psicologia
qc.,qualcosa  qualcuno
qlc.,qualche
qlcn.,qualcuno
qlco.,qualcosa
qlcs.,qualcosa
qlcu.,qualcuno
qualif.,qualificativo
radiotecn.,radiotecnica
rag.,ragioneria
rar.,raramente
recipr.,reciprocamente
reg.,regolare
region.,regionale
rel.,religione
rem.,remoto
rep.,repubblica
retor.,retorica
rifl.,riflessivo
rit.,ritornello
rom.,romano
scherz.,scherzoso
scien.,scienza  scientifico
scult.,scultura
sec.,secolo
secc.,secoli
seg.,seguente
segg.,seguenti
sigill.,sigillografia
sig.,signore
sigg.,signori
sig.ra,signora
sig.na,signorina
simb.,simbolo
sin.,sinonimo
sing.,singolare
s/m,sul mare
sociol.,sociologia
sogg.,soggetto  soggettivo  soggettivamente
sp.,spagnolo
spett.,spettabile
spreg.,spregiativo
st.,storia
stat.,statistica
st. d. arte,storia dell'arte
st. d. dir.,storia del diritto
st. d. filos.,storia della filosofia
st. d. rel.,storia della religione
suff.,suffisso
sup.,superficie
superl.,superlativo
tav.,tavola
tecn.,tecnica
tecnol.,tecnologia
ted.,tedesco
tel.,telefonia
telecom.,telecomunicazioni  radiotelevisione
temp.,temporale
teol.,teologia
term.,termine  termodinamica  termologia
tess.,tessile (tecnica)
tipogr.,tipografia  tipografico
top.,toponomastica
topog.,topografia
tosc.,toscano
tr.,transitivo  transitivamente
trad.,traduzione
trasp.,trasporti
ungh.,ungherese
urban.,urbanistica
val.,valenza
vd.,vedi
veter.,veterinaria
vezz.,vezzeggiativo
voc.,vocativo (ling.)
vol.,volume
volg.,volgare
voll.,volumi
zool.,zoologia
zoot.,zootecnia
disp. att. cc.,disposizioni per l'attuazione del codice civile
succ. mod.,successive modifiche
ss.mm.ii.,successive modificazioni e integrazioni
D.Lgs.,decreto legislativo
cd.,cosiddetta
RG,Ruolo Generale
R.G.,Ruolo Generale
P.Q.M.,per questi motivi
SSUU.,Sezioni Unite
SS.UU.,Sezioni Unite 
nn.,numeri
s.a.s.,società in accomandita semplice
s.r.l.,società a responsabilità limitata
sub., sotto
partt., parti
D.P.R., decreto del presidente della repubblica
n., numero
S.p.a., società per azioni
docc., documenti
fasc., fascicolo
fascc., fascicoli,
rimb., rimborso
r.g.a.c., registro generale affari contenziosi
Cass. civ., cassazione civile
Cass. civ. sez., cassazione civile sezione
cod. civ., codice civile
cfr:, confronta
cfr., confronta
€., euro
L., legge
km., kilometro
Ca. ri., cassa di risparmio
sent., sentenza
forf., forfettario
c.m.s., commissione massimo scoperto
cl., clausola
ex., ex
stab., stabilimento
d.i.a., direzione investigativa antimafia
dep., deposizione
fg., figura
r.g.e., rete giudiziaria europea 
mt., metri
c.t.u., consulente tecnico di ufficio
par., paragrafo 
parr., paragrafi
num., numeri
cpc., codice di procedura civile
